"name","type","year_start","status","lots","area_ha","source_title","source_url","lat","lon","notes"
"Habitar Monte Hermoso (Camino Sinuoso Oeste, Barrio Dufaur)","público, Plan Nacional de Suelo Urbano","2022-2025","en obra","284","10","La Nueva 2021-10-30: Monte Hermoso urbanizará un loteo de 10 hectáreas","https://www.lanueva.com/nota/2021-10-30-6-30-42-monte-hermoso-urbanizara-un-loteo-de-10-hectareas","-38.976121","-61.320474","Obras anunciadas 2022-06-11 (La Nueva); ordenanza de sorteo 2025-07-02; obras de viviendas desde 2025-10; coordenadas indicadas por el autor del proyecto (enlace de Google Maps), junto al centro astronómico"
"Desarrollo Urbanístico Bungalow (Pro.Cre.Ar II e IPV)","público","2022","construido","100","","La Nueva 2022-04-30: Monte Hermoso prevé terminar el año con 100 casas y 284 lotes nuevos","https://www.lanueva.com/nota/2022-4-30-6-30-27-monte-hermoso-preve-terminar-el-ano-con-100-casas-y-284-lotes-nuevos","-38.98363","-61.29763","Manzanas entre Río Neuquén, Río Atuel, Luzuriaga y Lucinda Sutton (montehermoso.gov.ar); esquinas de OpenStreetMap; obra desde marzo de 2022 (La Nueva 2022-03-06)"
"Las Lomas (barrio parque privado)","privado","2006","en venta","408","51","Estrada y Viego 2019 (Derecho y Ciencias Sociales); La Nueva 2006-02-05 y 2006-08-27","https://dialnet.unirioja.es/descarga/articulo/7171896.pdf","-38.9764","-61.2936","Presentado en febrero de 2006 donde estuvo el camping Montesol; ventas desde febrero de 2006; rezonificación por ordenanza 1559/2006 (octubre de 2006, modificada por 1727/2008) y convalidación provincial por decreto 1824/2011; 408 lotes en 51 ha (Estrada y Viego), 55 vendidos en julio de 2008; el aviso actual habla de 154 lotes en 20 ha; punto OSM, confirmado por el autor del proyecto (barrio privado)"
"Pinar del Golf","privado","","en venta","","","Mapa público de Monte Hermoso del Este (desarrollador)","https://www.google.com/maps/d/viewer?mid=1R3oPGHZZi7LAdVFMrDoY-DIc5OnEQL8","-38.9825","-61.27272","Polígono de 30,7 ha del mapa del desarrollador, 95 % consolidado; sin año de inicio publicado: el desarrollador no lo da y no hay nota de prensa; una cuarta etapa de Monte Hermoso del Este se lanzó en enero de 2006 sobre calle Chacabuco al norte, sin confirmar que sea este sector; el punto dado por el autor del proyecto cae en El Viejo Vivero"
"El Americano - barrio Los Bosques","privado","2026","anunciado","166","507","La Nueva 2026-01-18: El Americano, un lugar para disfrutar en Monte Hermoso","https://www.lanueva.com/nota/2026-1-18-17-50-0-bronceado-2026-el-americano-un-lugar-para-disfrutar-en-monte-hermoso","-38.9873733","-61.3502872","Primera etapa de 60 lotes de 500 a 1.000 m2 frente a la laguna Sauce Grande, en el área sur; antes camping. 554 ha es el predio total; American Camping Resort (enlace de Google Maps de elamericano.com.ar); Los Bosques queda detrás (al norte) del camping; el predio de 554 ha no tiene límites publicados; el autor del proyecto indica que Los Bosques va del camping hasta la Laguna Sauce Grande (corredor aproximado de ~1,3 km de ancho en la zona de estudio); el parcelamiento original (hasta 933 lotes en 507 ha, parcelas 1050c y 1050d, lindantes con el Área 3 de la reserva Pehuen Co-Monte Hermoso y la laguna) se habilitó por la ordenanza 2418/2016 de enero de 2016 (Estrada y Viego 2019); el plano de zonificación de 2023 ubica esas parcelas junto al camping Americano y la laguna, así que al vectorizarlo queda a 335 m del camping y llega a la laguna: coincide con ""del camping a la laguna Sauce Grande"" que indicó el autor del proyecto, aunque ninguna fuente lo nombra; un concejal dice en abril de 2026 que la Provincia rechazó y redujo ese loteo y que el proyecto actual abarca unas 49 ha; polígono georreferenciado con error estimado de 250 m, 68 % dentro de la zona de estudio"
"Monte Hermoso del Este (zona)","zona","1990-1992","varios","","","Huamantinco Cisneros 2022 (Párrafos Geográficos) y Estrada y Viego 2019 (Derecho y Ciencias Sociales): urbanización iniciada a principios de la década de 1990","https://dialnet.unirioja.es/descarga/articulo/7171896.pdf","-38.98571","-61.2604","Inicio a principios de los 90 (Estrada y Viego 2019; Huamantinco Cisneros 2022); el desarrollador cita planos municipales desde 1992 y dice que la Provincia convalidó el plan en 2024 (la resolución provincial 783-23 de noviembre de 2023 convalida el código urbano, no consta una de 2024); cuarta etapa lanzada en enero de 2006 sobre calle Chacabuco al norte, unos 60 lotes (La Nueva 2006-07-23); Aldea del Este se anexó en 2009 como segunda fase; perímetro de 402 ha; la UNS cuenta 21 % de las intervenciones 2012-2022"
"Las Dunas (zona)","zona","2004-2011","varios","","","Nola, Rosell y Angeles 2014 (UNS); La Nueva 2003-08-14 y 2006-07-23","http://www.scielo.org.ar/scielo.php?script=sci_arttext&pid=S1852-42652014000100002","-38.9839","-61.3282","Sin fecha de loteo en ninguna fuente; ya en venta y obra en 2003 (La Nueva 2003-08-14) y con urbanización avanzada y arboleda frondosa en 2006 (La Nueva 2006-07-23); la zona construida se duplicó entre 2004 y 2011 (Nola et al. 2014); 10 % de las intervenciones 2012-2022 (UNS); punto A de OSM, confirmado por el autor del proyecto"
"El Viejo Vivero (Monte Hermoso del Este)","privado","1990-1992","consolidado","","42.1","Mapa público de Monte Hermoso del Este (desarrollador)","https://www.google.com/maps/d/viewer?mid=1R3oPGHZZi7LAdVFMrDoY-DIc5OnEQL8","-38.98326","-61.28023","Primera etapa y origen de la urbanización según el desarrollador, 100 % consolidada; año inferido del inicio de Monte Hermoso del Este (principios de los 90), sin fecha propia"
"Aldea del Este (Monte Hermoso del Este)","privado","2008-2009","consolidado","","8","La Nueva 2008-02-03 (Edificio Albatros) y Estrada y Viego 2019","https://www.lanueva.com/nota/2008-2-3-10-0-0-edificio-albatros-en-monte-hermoso-este-para-disfrutar-en-contacto-con-la-naturaleza","-38.98711","-61.27856","La Aldea en desarrollo en febrero de 2008 (La Nueva); anexada en 2009 como nueva etapa (Estrada y Viego 2019; Huamantinco Cisneros 2022); centro comercial y peatonal, 100 % consolidado"
"Frente Marino (Monte Hermoso del Este)","privado","2008-2022","80 % consolidado","","26.4","Huamantinco Cisneros 2022 (Párrafos Geográficos); La Nueva 2008-02-03","https://www.revistas.unp.edu.ar/index.php/parrafosgeograficos/article/download/827/725/2539","-38.98674","-61.27357","Primer edificio, Edificio Albatros, en obra en 2008 (removió un médano); torres Punta Este, Punta Este Premium y Al Mar Torres del Este promocionadas en 2022; servicios habilitados en 2026 en Pinar del Golf Sur y Frente Marino; 80 % consolidado"
"Villa sustentable de Sauce Grande (DUE4)","público","2022","planificado, sin confirmar","30","","Noticias Monte Hermoso 2022-07-28: repaso de proyectos con el secretario de Planeamiento","https://www.noticiasmontehermoso.com.ar/monte-hermoso-tiene-muchos-planes-un-repaso-de-los-proyectos-en-marcha-con-el-secretario-de-planeamiento-municipal/","-38.9892","-61.2270","Manzana de Santa Clara del Mar y Puleston, entre Playa Estrada y Playa Alfar; zona DUE4 del Código Urbano (Ord. 3246/2023); punto aproximado, sin confirmar que se haya construido"
